-- --------------------------------------------------------
-- 호스트:                          k8d202.p.ssafy.io
-- 서버 버전:                        10.11.2-MariaDB-1:10.11.2+maria~ubu2204 - mariadb.org binary distribution
-- 서버 OS:                        debian-linux-gnu
-- HeidiSQL 버전:                  11.0.0.5919
-- --------------------------------------------------------

/*!40101 SET @OLD_CHARACTER_SET_CLIENT=@@CHARACTER_SET_CLIENT */;
/*!40101 SET NAMES utf8 */;
/*!50503 SET NAMES utf8mb4 */;
/*!40014 SET @OLD_FOREIGN_KEY_CHECKS=@@FOREIGN_KEY_CHECKS, FOREIGN_KEY_CHECKS=0 */;
/*!40101 SET @OLD_SQL_MODE=@@SQL_MODE, SQL_MODE='NO_AUTO_VALUE_ON_ZERO' */;


-- d202 데이터베이스 구조 내보내기
CREATE DATABASE IF NOT EXISTS `d202` /*!40100 DEFAULT CHARACTER SET utf8mb4 COLLATE utf8mb4_general_ci */;
USE `d202`;

-- 테이블 d202.board 구조 내보내기
CREATE TABLE IF NOT EXISTS `board` (
  `board_id` bigint(20) NOT NULL AUTO_INCREMENT,
  `created_at` datetime(6) DEFAULT NULL,
  `updated_at` datetime(6) DEFAULT NULL,
  `board_content` varchar(1000) NOT NULL,
  `board_hits` bigint(20) DEFAULT NULL,
  `board_title` varchar(50) NOT NULL,
  `user_id` varchar(30) NOT NULL,
  PRIMARY KEY (`board_id`),
  KEY `FKfyf1fchnby6hndhlfaidier1r` (`user_id`),
  CONSTRAINT `FKfyf1fchnby6hndhlfaidier1r` FOREIGN KEY (`user_id`) REFERENCES `user` (`user_id`)
) ENGINE=InnoDB AUTO_INCREMENT=3 DEFAULT CHARSET=utf8mb4 COLLATE=utf8mb4_general_ci;

-- 테이블 데이터 d202.board:~1 rows (대략적) 내보내기
/*!40000 ALTER TABLE `board` DISABLE KEYS */;
INSERT INTO `board` (`board_id`, `created_at`, `updated_at`, `board_content`, `board_hits`, `board_title`, `user_id`) VALUES
	(2, '2023-05-15 12:35:10.048485', '2023-05-15 12:36:35.759953', '내용', 1, '제목', 'jhp1276');
/*!40000 ALTER TABLE `board` ENABLE KEYS */;

-- 테이블 d202.comment 구조 내보내기
CREATE TABLE IF NOT EXISTS `comment` (
  `comment_id` bigint(20) NOT NULL AUTO_INCREMENT,
  `created_at` datetime(6) DEFAULT NULL,
  `updated_at` datetime(6) DEFAULT NULL,
  `comment_content` varchar(500) NOT NULL,
  `board_id` bigint(20) NOT NULL,
  `user_id` varchar(30) NOT NULL,
  PRIMARY KEY (`comment_id`),
  KEY `FKlij9oor1nav89jeat35s6kbp1` (`board_id`),
  KEY `FK8kcum44fvpupyw6f5baccx25c` (`user_id`),
  CONSTRAINT `FK8kcum44fvpupyw6f5baccx25c` FOREIGN KEY (`user_id`) REFERENCES `user` (`user_id`),
  CONSTRAINT `FKlij9oor1nav89jeat35s6kbp1` FOREIGN KEY (`board_id`) REFERENCES `board` (`board_id`)
) ENGINE=InnoDB AUTO_INCREMENT=5 DEFAULT CHARSET=utf8mb4 COLLATE=utf8mb4_general_ci;

-- 테이블 데이터 d202.comment:~3 rows (대략적) 내보내기
/*!40000 ALTER TABLE `comment` DISABLE KEYS */;
INSERT INTO `comment` (`comment_id`, `created_at`, `updated_at`, `comment_content`, `board_id`, `user_id`) VALUES
	(2, '2023-05-15 12:42:21.212104', '2023-05-15 12:42:21.212104', '댓글 내용', 2, 'jhp1276'),
	(3, '2023-05-15 12:42:22.083039', '2023-05-15 12:42:22.083039', '댓글 내용', 2, 'jhp1276'),
	(4, '2023-05-15 12:42:22.814849', '2023-05-15 12:42:22.814849', '댓글 내용', 2, 'jhp1276');
/*!40000 ALTER TABLE `comment` ENABLE KEYS */;

-- 테이블 d202.crack 구조 내보내기
CREATE TABLE IF NOT EXISTS `crack` (
  `crack_id` bigint(20) NOT NULL AUTO_INCREMENT,
  `created_at` datetime(6) DEFAULT NULL,
  `updated_at` datetime(6) DEFAULT NULL,
  `crack_position` varchar(70) NOT NULL,
  `crack_type` varchar(50) NOT NULL,
  `folder_id` bigint(20) NOT NULL,
  `image_id` bigint(20) NOT NULL,
  PRIMARY KEY (`crack_id`),
  KEY `FKgjr1x1gxbfbacondh9024w1yj` (`folder_id`),
  KEY `FKnaixmfde3wvyst35awpn0029k` (`image_id`),
  CONSTRAINT `FKgjr1x1gxbfbacondh9024w1yj` FOREIGN KEY (`folder_id`) REFERENCES `folder` (`folder_id`),
  CONSTRAINT `FKnaixmfde3wvyst35awpn0029k` FOREIGN KEY (`image_id`) REFERENCES `image` (`image_id`)
) ENGINE=InnoDB AUTO_INCREMENT=123 DEFAULT CHARSET=utf8mb4 COLLATE=utf8mb4_general_ci;

-- 테이블 데이터 d202.crack:~118 rows (대략적) 내보내기
/*!40000 ALTER TABLE `crack` DISABLE KEYS */;
INSERT INTO `crack` (`crack_id`, `created_at`, `updated_at`, `crack_position`, `crack_type`, `folder_id`, `image_id`) VALUES
	(1, '2023-05-10 00:19:30.765273', '2023-05-12 17:18:31.877779', '수정된 파일.jpg', '수정 타입', 2, 11),
	(2, '2023-05-10 00:19:50.889834', '2023-05-10 00:19:50.889834', '2층 외벽', 'asphalt', 2, 12),
	(3, '2023-05-10 01:22:47.966621', '2023-05-10 01:22:47.966621', '2층 외벽', 'concrete', 2, 13),
	(5, '2023-05-10 01:22:58.313882', '2023-05-10 01:22:58.313882', '2층 외벽', 'concrete', 2, 15),
	(6, '2023-05-10 01:23:12.278002', '2023-05-10 01:23:12.278002', '2층 외벽', 'concrete', 2, 16),
	(7, '2023-05-10 01:23:15.977151', '2023-05-10 01:23:15.977151', '2층 외벽', 'concrete', 2, 17),
	(8, '2023-05-10 01:23:20.597898', '2023-05-10 01:23:20.597898', '2층 외벽', 'concrete', 2, 18),
	(9, '2023-05-10 01:23:24.837371', '2023-05-10 01:23:24.837371', '2층 외벽', 'concrete', 2, 19),
	(10, '2023-05-10 01:23:29.869086', '2023-05-10 01:23:29.869086', '2층 외벽', 'concrete', 2, 20),
	(11, '2023-05-10 01:23:33.787856', '2023-05-10 01:23:33.787856', '2층 외벽', 'concrete', 2, 21),
	(12, '2023-05-10 01:23:38.239338', '2023-05-10 01:23:38.239338', '2층 외벽', 'concrete', 2, 22),
	(13, '2023-05-10 01:23:43.065972', '2023-05-10 01:23:43.065972', '2층 외벽', 'concrete', 2, 23),
	(14, '2023-05-10 01:23:47.264875', '2023-05-10 01:23:47.264875', '2층 외벽', 'concrete', 2, 24),
	(15, '2023-05-10 01:23:51.521646', '2023-05-10 01:23:51.521646', '2층 외벽', 'concrete', 2, 25),
	(16, '2023-05-10 01:24:02.721115', '2023-05-10 01:24:02.721115', '2층 외벽', 'asphalt', 2, 26),
	(17, '2023-05-10 01:24:07.452409', '2023-05-10 01:24:07.452409', '2층 외벽', 'asphalt', 2, 27),
	(18, '2023-05-10 01:24:13.182545', '2023-05-10 01:24:13.182545', '2층 외벽', 'asphalt', 2, 28),
	(19, '2023-05-10 01:24:18.263973', '2023-05-10 01:24:18.263973', '2층 외벽', 'asphalt', 2, 29),
	(20, '2023-05-10 01:24:22.357763', '2023-05-10 01:24:22.357763', '2층 외벽', 'asphalt', 2, 30),
	(21, '2023-05-10 01:24:28.223581', '2023-05-10 01:24:28.223581', '2층 외벽', 'asphalt', 2, 31),
	(22, '2023-05-10 01:24:32.994448', '2023-05-10 01:24:32.994448', '2층 외벽', 'asphalt', 2, 32),
	(23, '2023-05-10 01:24:37.679244', '2023-05-10 01:24:37.679244', '2층 외벽', 'asphalt', 2, 33),
	(24, '2023-05-10 01:24:41.471847', '2023-05-10 01:24:41.471847', '2층 외벽', 'asphalt', 2, 34),
	(25, '2023-05-10 01:24:45.548928', '2023-05-10 01:24:45.548928', '2층 외벽', 'asphalt', 2, 35),
	(28, NULL, NULL, 'floor', 'concrete', 2, 37),
	(29, NULL, NULL, 'floor', 'concrete', 2, 37),
	(30, NULL, NULL, 'floor', 'asphalt', 2, 38),
	(31, NULL, NULL, 'floor', 'concrete', 2, 38),
	(32, NULL, NULL, 'floor', 'asphalt', 2, 38),
	(33, NULL, NULL, 'floor', 'concrete', 2, 38),
	(34, '2023-05-12 17:06:52.607282', '2023-05-12 17:06:52.607282', 'floor', 'concrete', 2, 39),
	(35, '2023-05-12 17:06:53.536281', '2023-05-12 17:06:53.536281', 'floor', 'concrete', 2, 39),
	(36, '2023-05-12 17:07:37.781278', '2023-05-12 17:07:37.781278', 'floor', 'concrete', 2, 40),
	(37, '2023-05-12 17:07:38.733411', '2023-05-12 17:07:38.733411', 'floor', 'concrete', 2, 41),
	(38, '2023-05-12 17:07:38.881412', '2023-05-12 17:07:38.881412', 'floor', 'concrete', 2, 42),
	(39, NULL, NULL, 'floor', 'asphalt', 6, 42),
	(40, NULL, NULL, 'floor', 'concrete', 6, 42),
	(41, NULL, NULL, 'floor', 'concrete', 6, 42),
	(42, '2023-05-15 03:53:14.142727', '2023-05-15 03:53:14.142727', 'floor', 'asphalt', 3, 70),
	(43, '2023-05-15 03:53:42.034153', '2023-05-15 03:53:42.034153', 'floor', 'concrete', 2, 71),
	(44, '2023-05-15 03:53:42.498078', '2023-05-15 03:53:42.498078', 'floor', 'concrete', 2, 72),
	(45, '2023-05-15 03:53:42.607843', '2023-05-15 03:53:42.607843', 'floor', 'concrete', 2, 73),
	(46, '2023-05-15 03:53:42.708043', '2023-05-15 03:53:42.708043', 'floor', 'concrete', 2, 74),
	(47, '2023-05-15 03:58:13.389574', '2023-05-15 03:58:13.389574', 'floor', 'concrete', 18, 75),
	(48, '2023-05-15 03:58:13.851248', '2023-05-15 03:58:13.851248', 'floor', 'concrete', 18, 76),
	(49, '2023-05-15 03:58:13.962795', '2023-05-15 03:58:13.962795', 'floor', 'concrete', 18, 77),
	(50, '2023-05-15 03:58:14.060729', '2023-05-15 03:58:14.060729', 'floor', 'concrete', 18, 78),
	(51, '2023-05-15 03:58:14.172154', '2023-05-15 03:58:14.172154', 'floor', 'concrete', 18, 79),
	(52, '2023-05-15 13:22:31.385203', '2023-05-15 13:22:31.385203', 'floor', 'concrete', 20, 85),
	(53, '2023-05-15 13:24:07.147566', '2023-05-15 13:24:07.147566', 'floor', 'concrete', 20, 86),
	(54, '2023-05-15 13:24:07.285699', '2023-05-15 13:24:07.285699', 'floor', 'concrete', 20, 87),
	(55, '2023-05-15 13:24:07.415715', '2023-05-15 13:24:07.415715', 'floor', 'concrete', 20, 88),
	(56, '2023-05-15 13:24:07.545023', '2023-05-15 13:24:07.545023', 'floor', 'concrete', 20, 89),
	(57, '2023-05-15 13:24:07.677272', '2023-05-15 13:24:07.677272', 'floor', 'concrete', 20, 90),
	(58, '2023-05-15 13:24:07.804510', '2023-05-15 13:24:07.804510', 'floor', 'concrete', 20, 91),
	(59, '2023-05-15 13:24:07.931436', '2023-05-15 13:24:07.931436', 'floor', 'concrete', 20, 92),
	(60, '2023-05-15 13:25:04.443586', '2023-05-15 13:25:04.443586', 'floor', 'asphalt', 20, 93),
	(61, '2023-05-15 13:25:04.573254', '2023-05-15 13:25:04.573254', 'floor', 'concrete', 20, 94),
	(62, '2023-05-15 13:25:04.704366', '2023-05-15 13:25:04.704366', 'floor', 'concrete', 20, 95),
	(63, '2023-05-15 13:25:04.832690', '2023-05-15 13:25:04.832690', 'floor', 'concrete', 20, 96),
	(64, '2023-05-15 13:25:04.962476', '2023-05-15 13:25:04.962476', 'floor', 'concrete', 20, 97),
	(65, '2023-05-15 13:25:05.104259', '2023-05-15 13:25:05.104259', 'floor', 'concrete', 20, 98),
	(66, '2023-05-15 13:25:05.235172', '2023-05-15 13:25:05.235172', 'floor', 'concrete', 20, 99),
	(67, '2023-05-15 13:45:02.797660', '2023-05-15 13:45:02.797660', 'floor', 'concrete', 19, 100),
	(68, '2023-05-15 13:45:02.927122', '2023-05-15 13:45:02.927122', 'floor', 'concrete', 19, 101),
	(69, '2023-05-15 13:45:03.058655', '2023-05-15 13:45:03.058655', 'floor', 'concrete', 19, 102),
	(70, '2023-05-15 13:45:03.189340', '2023-05-15 13:45:03.189340', 'floor', 'concrete', 19, 103),
	(71, '2023-05-15 13:45:03.317150', '2023-05-15 13:45:03.317150', 'floor', 'concrete', 19, 104),
	(72, '2023-05-15 13:45:03.444729', '2023-05-15 13:45:03.444729', 'floor', 'concrete', 19, 105),
	(73, '2023-05-15 13:45:03.572520', '2023-05-15 13:45:03.572520', 'floor', 'concrete', 19, 106),
	(74, '2023-05-15 13:45:03.709755', '2023-05-15 13:45:03.709755', 'floor', 'concrete', 19, 107),
	(75, '2023-05-15 13:45:03.838109', '2023-05-15 13:45:03.838109', 'floor', 'concrete', 19, 108),
	(76, '2023-05-15 13:45:03.967060', '2023-05-15 13:45:03.967060', 'floor', 'concrete', 19, 109),
	(77, '2023-05-15 13:45:04.100132', '2023-05-15 13:45:04.100132', 'floor', 'concrete', 19, 110),
	(78, '2023-05-15 13:45:04.225779', '2023-05-15 13:45:04.225779', 'floor', 'concrete', 19, 111),
	(79, '2023-05-15 13:45:04.355529', '2023-05-15 13:45:04.355529', 'floor', 'concrete', 19, 112),
	(80, '2023-05-15 13:45:04.481941', '2023-05-15 13:45:04.481941', 'floor', 'concrete', 19, 113),
	(81, '2023-05-15 13:45:04.611714', '2023-05-15 13:45:04.611714', 'floor', 'concrete', 19, 114),
	(82, '2023-05-15 13:45:04.736994', '2023-05-15 13:45:04.736994', 'floor', 'concrete', 19, 115),
	(83, '2023-05-15 13:45:04.861629', '2023-05-15 13:45:04.861629', 'floor', 'concrete', 19, 116),
	(84, '2023-05-15 13:45:04.998057', '2023-05-15 13:45:04.998057', 'floor', 'concrete', 19, 117),
	(85, '2023-05-15 13:45:05.126930', '2023-05-15 13:45:05.126930', 'floor', 'concrete', 19, 118),
	(86, '2023-05-15 13:45:05.252676', '2023-05-15 13:45:05.252676', 'floor', 'concrete', 19, 119),
	(87, '2023-05-15 13:55:07.070435', '2023-05-15 13:55:07.070435', 'floor', 'concrete', 5, 120),
	(88, '2023-05-15 13:59:07.288358', '2023-05-15 13:59:07.288358', 'floor', 'asphalt', 4, 121),
	(89, '2023-05-15 13:59:59.998323', '2023-05-15 13:59:59.998323', 'floor', 'concrete', 21, 122),
	(90, '2023-05-16 01:54:22.247657', '2023-05-16 01:54:22.247657', 'floor', 'Asphalt', 22, 123),
	(91, '2023-05-16 02:11:38.004819', '2023-05-16 02:11:38.004819', 'floor', 'None', 22, 124),
	(92, '2023-05-16 04:52:03.814864', '2023-05-16 04:52:03.814864', 'floor', 'Asphalt', 19, 125),
	(93, '2023-05-16 04:52:03.953571', '2023-05-16 04:52:03.953571', 'floor', 'Asphalt', 19, 126),
	(94, '2023-05-16 04:52:04.080940', '2023-05-16 04:52:04.080940', 'floor', 'Asphalt', 19, 127),
	(95, '2023-05-16 04:52:04.208555', '2023-05-16 04:52:04.208555', 'floor', 'Asphalt', 19, 128),
	(96, '2023-05-16 04:52:04.332441', '2023-05-16 04:52:04.332441', 'floor', 'Asphalt', 19, 129),
	(97, '2023-05-16 04:52:04.455828', '2023-05-16 04:52:04.455828', 'floor', 'Asphalt', 19, 130),
	(98, '2023-05-16 04:52:04.582993', '2023-05-16 04:52:04.582993', 'floor', 'Asphalt', 19, 131),
	(99, '2023-05-16 04:52:04.712014', '2023-05-16 04:52:04.712014', 'floor', 'Asphalt', 19, 132),
	(100, '2023-05-16 04:52:04.839172', '2023-05-16 04:52:04.839172', 'floor', 'Asphalt', 19, 133),
	(101, '2023-05-16 04:52:04.968983', '2023-05-16 04:52:04.968983', 'floor', 'Asphalt', 19, 134),
	(102, '2023-05-16 04:52:05.104781', '2023-05-16 04:52:05.104781', 'floor', 'Asphalt', 19, 135),
	(103, '2023-05-16 04:52:05.232790', '2023-05-16 04:52:05.232790', 'floor', 'Asphalt', 19, 136),
	(104, '2023-05-16 04:52:05.357150', '2023-05-16 04:52:05.357150', 'floor', 'Asphalt', 19, 137),
	(105, '2023-05-16 04:52:05.485055', '2023-05-16 04:52:05.485055', 'floor', 'Asphalt', 19, 138),
	(106, '2023-05-16 04:52:05.613805', '2023-05-16 04:52:05.613805', 'floor', 'Asphalt', 19, 139),
	(107, '2023-05-16 04:52:05.738020', '2023-05-16 04:52:05.738020', 'floor', 'Asphalt', 19, 140),
	(108, '2023-05-16 04:52:05.861379', '2023-05-16 04:52:05.861379', 'floor', 'Asphalt', 19, 141),
	(109, '2023-05-16 04:52:05.982875', '2023-05-16 04:52:05.982875', 'floor', 'Asphalt', 19, 142),
	(110, '2023-05-16 04:52:06.105972', '2023-05-16 04:52:06.105972', 'floor', 'Asphalt', 19, 143),
	(111, '2023-05-16 04:52:06.231076', '2023-05-16 04:52:06.231076', 'floor', 'Asphalt', 19, 144),
	(112, '2023-05-16 05:21:31.308634', '2023-05-16 05:21:31.308634', 'floor', 'None', 24, 145),
	(113, '2023-05-16 05:21:31.398262', '2023-05-16 05:21:31.398262', 'floor', 'None', 24, 146),
	(114, '2023-05-16 05:21:31.490853', '2023-05-16 05:21:31.490853', 'floor', 'None', 24, 147),
	(115, '2023-05-16 05:22:34.158524', '2023-05-16 05:22:34.158524', 'floor', 'Asphalt', 24, 148),
	(116, '2023-05-16 05:22:34.267445', '2023-05-16 05:22:34.267445', 'floor', 'Asphalt', 24, 149),
	(117, '2023-05-16 05:24:18.333497', '2023-05-16 05:24:18.333497', 'floor', 'Asphalt', 24, 150),
	(118, '2023-05-17 01:05:31.004027', '2023-05-17 04:55:06.262494', 'floor', 'None', 24, 151),
	(119, '2023-05-17 01:07:54.573777', '2023-05-17 01:07:54.573777', 'floor', 'None', 2, 152),
	(120, '2023-05-17 02:17:37.473404', '2023-05-17 02:17:37.473404', 'floor', 'None', 22, 155),
	(122, '2023-05-17 02:23:58.625006', '2023-05-17 02:23:58.625006', 'floor', 'None', 22, 159);
/*!40000 ALTER TABLE `crack` ENABLE KEYS */;

-- 테이블 d202.folder 구조 내보내기
CREATE TABLE IF NOT EXISTS `folder` (
  `folder_id` bigint(20) NOT NULL AUTO_INCREMENT,
  `created_at` datetime(6) DEFAULT NULL,
  `updated_at` datetime(6) DEFAULT NULL,
  `folder_memo` varchar(100) DEFAULT NULL,
  `folder_name` varchar(50) DEFAULT NULL,
  `user_id` varchar(30) NOT NULL,
  `folder_built` datetime(6) DEFAULT NULL,
  PRIMARY KEY (`folder_id`),
  KEY `FK5fd2civdi8s832iyrufpk400k` (`user_id`),
  CONSTRAINT `FK5fd2civdi8s832iyrufpk400k` FOREIGN KEY (`user_id`) REFERENCES `user` (`user_id`)
) ENGINE=InnoDB AUTO_INCREMENT=27 DEFAULT CHARSET=utf8mb4 COLLATE=utf8mb4_general_ci;

-- 테이블 데이터 d202.folder:~25 rows (대략적) 내보내기
/*!40000 ALTER TABLE `folder` DISABLE KEYS */;
INSERT INTO `folder` (`folder_id`, `created_at`, `updated_at`, `folder_memo`, `folder_name`, `user_id`, `folder_built`) VALUES
	(2, '2023-05-09 15:55:37.434847', '2023-05-09 15:55:37.434847', '이곳은 소담입니다', '소담', 'jhp1276', '2023-05-09 00:00:00.000000'),
	(3, '2023-05-09 07:07:23.606324', '2023-05-09 07:07:23.606324', '이곳은 소담입니다', '소담', 'jhp1276', '2023-05-09 00:00:00.000000'),
	(4, '2023-05-09 13:12:25.192106', '2023-05-09 13:12:25.192106', '술집', '소담빌', '0828339', '1996-03-03 00:00:00.000000'),
	(5, '2023-05-09 13:33:58.242627', '2023-05-09 13:33:58.242627', '밥집', '몽트빌', '0828339', '1997-11-05 00:00:00.000000'),
	(6, '2023-05-09 16:54:55.013451', '2023-05-09 16:54:55.013451', '피자집', '리와코', '0828339', '2021-12-31 00:00:00.000000'),
	(7, '2023-05-09 17:05:24.982802', '2023-05-09 17:05:24.982802', '다방', '정담원', '0828339', '1891-05-05 00:00:00.000000'),
	(8, '2023-05-09 17:06:59.300695', '2023-05-09 17:06:59.300695', '다방', '이디야', '0828339', '2000-01-01 00:00:00.000000'),
	(9, '2023-05-09 17:28:24.849530', '2023-05-09 17:28:24.849530', '노래방', '싸래방', '0828339', '2000-01-01 00:00:00.000000'),
	(10, '2023-05-09 17:34:52.698544', '2023-05-09 17:34:52.698544', '모텔', '브리즈', '0828339', '1888-12-25 00:00:00.000000'),
	(11, '2023-05-10 00:06:37.332378', '2023-05-10 00:06:37.332378', '서정이집', '하니엘', '0828339', '1234-12-12 00:00:00.000000'),
	(12, '2023-05-11 05:57:18.256653', '2023-05-11 05:57:18.256653', '주택', '하니엘', 'seojeong4560', '2023-05-11 00:00:00.000000'),
	(13, '2023-05-12 01:00:26.904292', '2023-05-12 01:00:26.904292', '테스트입니당', '테스트용', 'director20844', '2023-05-12 00:00:00.000000'),
	(14, '2023-05-12 05:48:58.022392', '2023-05-12 05:48:58.022392', '이것은폴더', '폴더', 'cyctjdghks', '2023-05-12 00:00:00.000000'),
	(15, '2023-05-12 05:58:47.620039', '2023-05-12 05:58:47.620039', '폴더 버전2', '새로운 폴더', 'cyctjdghks', '2023-05-12 00:00:00.000000'),
	(16, '2023-05-12 08:46:53.462452', '2023-05-12 08:46:53.462452', '으악', '으악', '0828339', '1997-11-05 00:00:00.000000'),
	(17, '2023-05-12 08:50:00.940133', '2023-05-12 08:50:00.940133', '업데이트', '제발', '0828339', '1212-12-12 00:00:00.000000'),
	(18, '2023-05-15 01:59:42.519144', '2023-05-15 01:59:42.519144', '사피', '사피', 'jhp1276', '2023-05-15 00:00:00.000000'),
	(19, '2023-05-15 13:01:40.340632', '2023-05-15 13:01:40.340632', '인동', '카페비치', 'pjh5699@nate.com', '2022-10-01 00:00:00.000000'),
	(20, '2023-05-15 13:02:05.352773', '2023-05-15 13:02:05.352773', 'test', 'test', 'pjh5699@nate.com', '2023-03-04 00:00:00.000000'),
	(21, '2023-05-15 13:59:50.822744', '2023-05-15 13:59:50.822744', '아지트', '카페비치', '0828339', '2023-05-15 00:00:00.000000'),
	(22, '2023-05-16 01:54:06.873092', '2023-05-16 01:54:06.873092', '이타이이타이', '이계천', '0828339', '2023-05-16 00:00:00.000000'),
	(23, '2023-05-16 04:52:58.893206', '2023-05-16 04:52:58.893206', '사피', '0516', 'pjh5699@nate.com', '2023-05-16 00:00:00.000000'),
	(24, '2023-05-16 05:21:13.171954', '2023-05-16 05:21:13.171954', '탐탐', '탐탐', '0828339', '2023-05-16 00:00:00.000000'),
	(25, '2023-05-17 01:59:03.916530', '2023-05-17 01:59:03.916530', '싸피', '싸피', 'pjh5699@nate.com', '2023-05-17 00:00:00.000000'),
	(26, '2023-05-17 02:00:19.942399', '2023-05-17 02:00:19.942399', '싸피2', '싸피2', 'correct127676@gmail.com', '2023-05-17 00:00:00.000000');
/*!40000 ALTER TABLE `folder` ENABLE KEYS */;

-- 테이블 d202.image 구조 내보내기
CREATE TABLE IF NOT EXISTS `image` (
  `image_id` bigint(20) NOT NULL AUTO_INCREMENT,
  `created_at` datetime(6) DEFAULT NULL,
  `updated_at` datetime(6) DEFAULT NULL,
  `file_size` bigint(20) DEFAULT NULL,
  `original_file_name` varchar(255) DEFAULT NULL,
  `stored_file_name` varchar(255) DEFAULT NULL,
  PRIMARY KEY (`image_id`)
) ENGINE=InnoDB AUTO_INCREMENT=165 DEFAULT CHARSET=utf8mb4 COLLATE=utf8mb4_general_ci;

-- 테이블 데이터 d202.image:~158 rows (대략적) 내보내기
/*!40000 ALTER TABLE `image` DISABLE KEYS */;
INSERT INTO `image` (`image_id`, `created_at`, `updated_at`, `file_size`, `original_file_name`, `stored_file_name`) VALUES
	(1, '2023-05-09 04:41:59.582715', '2023-05-09 04:41:59.582715', 57075, '이병수.png', 'images/20230509/1634340353895168.png'),
	(2, '2023-05-09 04:42:54.039357', '2023-05-09 04:42:54.039357', 81973, '박재현.png', 'images/20230509/1634394810849707.png'),
	(3, '2023-05-09 04:44:06.686374', '2023-05-09 04:44:06.686374', 74434, '양서정.png', 'images/20230509/1634467457827123.png'),
	(4, '2023-05-09 04:44:59.664332', '2023-05-09 04:44:59.664332', 75702, '박성환.png', 'images/20230509/1634520435732131.png'),
	(5, '2023-05-09 04:46:15.433344', '2023-05-09 04:46:15.433344', 69776, '강모현.png', 'images/20230509/1634596204775872.png'),
	(6, '2023-05-09 04:48:17.063868', '2023-05-09 04:48:17.063868', 13410, '이효진.jpg', 'images/20230509/1634717835321221.jpg'),
	(7, '2023-05-09 04:51:59.360421', '2023-05-09 04:51:59.360421', 16268, '김민재.jpg', 'images/20230509/1634940101549657.jpg'),
	(8, '2023-05-09 06:53:45.330596', '2023-05-09 06:53:45.330596', 953067, '양서정프로필.jpg', 'images/20230509/1642246051033859.jpg'),
	(9, '2023-05-10 00:18:08.813774', '2023-05-10 00:18:08.813774', 8795, 'concrete.png', 'images/20230510/1704909557518543.png'),
	(10, '2023-05-10 00:18:20.475225', '2023-05-10 00:18:20.475225', 8795, 'concrete.png', 'images/20230510/1704921246933369.png'),
	(11, '2023-05-10 00:19:30.752062', '2023-05-12 17:20:16.173374', 8795, '수정된 파일.jpg', 'images/20230510/1704991523927101.png'),
	(12, '2023-05-10 00:19:50.881029', '2023-05-10 00:19:50.881029', 8925, 'asphalt.png', 'images/20230510/1705011652922192.png'),
	(13, '2023-05-10 01:22:47.849388', '2023-05-10 01:22:47.849388', 5188, 'image1.jpg', 'images/20230510/1708788560533588.jpg'),
	(15, '2023-05-10 01:22:58.304588', '2023-05-10 01:22:58.304588', 6714, 'image3.png', 'images/20230510/1708799076234666.png'),
	(16, '2023-05-10 01:23:12.266458', '2023-05-10 01:23:12.266458', 5153, 'image4.png', 'images/20230510/1708813038121572.png'),
	(17, '2023-05-10 01:23:15.966533', '2023-05-10 01:23:15.966533', 3836, 'image5.png', 'images/20230510/1708816738184350.png'),
	(18, '2023-05-10 01:23:20.588158', '2023-05-10 01:23:20.588158', 7067, 'image6.png', 'images/20230510/1708821359709502.png'),
	(19, '2023-05-10 01:23:24.828837', '2023-05-10 01:23:24.828837', 5770, 'image7.jpg', 'images/20230510/1708825600605318.jpg'),
	(20, '2023-05-10 01:23:29.859359', '2023-05-10 01:23:29.859359', 6760, 'image8.jpg', 'images/20230510/1708830631079435.jpg'),
	(21, '2023-05-10 01:23:33.778793', '2023-05-10 01:23:33.778793', 6686, 'image9.jpg', 'images/20230510/1708834550404646.jpg'),
	(22, '2023-05-10 01:23:38.230718', '2023-05-10 01:23:38.230718', 8074, 'image10.jpg', 'images/20230510/1708839002335528.jpg'),
	(23, '2023-05-10 01:23:43.056992', '2023-05-10 01:23:43.056992', 2875, 'image11.png', 'images/20230510/1708843828737355.png'),
	(24, '2023-05-10 01:23:47.255552', '2023-05-10 01:23:47.255552', 6801, 'image12.jpg', 'images/20230510/1708848027288860.jpg'),
	(25, '2023-05-10 01:23:51.510136', '2023-05-10 01:23:51.510136', 4093, 'image13.jpg', 'images/20230510/1708852281799740.jpg'),
	(26, '2023-05-10 01:24:02.710871', '2023-05-10 01:24:02.710871', 4487, 'img1.png', 'images/20230510/1708863482453161.png'),
	(27, '2023-05-10 01:24:07.443962', '2023-05-10 01:24:07.443962', 5791, 'img2.jpg', 'images/20230510/1708868215692621.jpg'),
	(28, '2023-05-10 01:24:13.174152', '2023-05-10 01:24:13.174152', 7019, 'img3.jpg', 'images/20230510/1708873945769716.jpg'),
	(29, '2023-05-10 01:24:18.254724', '2023-05-10 01:24:18.254724', 5257, 'img4.png', 'images/20230510/1708879026506730.png'),
	(30, '2023-05-10 01:24:22.348679', '2023-05-10 01:24:22.348679', 11095, 'img5.jpg', 'images/20230510/1708883120420615.jpg'),
	(31, '2023-05-10 01:24:28.215044', '2023-05-10 01:24:28.215044', 9573, 'img6.jpg', 'images/20230510/1708888986835215.jpg'),
	(32, '2023-05-10 01:24:32.985771', '2023-05-10 01:24:32.985771', 4153, 'img7.jpg', 'images/20230510/1708893757513218.jpg'),
	(33, '2023-05-10 01:24:37.670473', '2023-05-10 01:24:37.670473', 6291, 'img8.jpg', 'images/20230510/1708898442223209.jpg'),
	(34, '2023-05-10 01:24:41.463172', '2023-05-10 01:24:41.463172', 4092, 'img9.jpg', 'images/20230510/1708902234811627.jpg'),
	(35, '2023-05-10 01:24:45.539974', '2023-05-10 01:24:45.539974', 9873, 'img10.jpg', 'images/20230510/1708906311686393.jpg'),
	(36, '2023-05-10 07:01:26.820298', '2023-05-10 07:01:26.820298', 13895, '이병수 On Line up load용 &#40;3-4cm&#41;.jpg', 'images/20230510/1729107544505197.jpg'),
	(37, '2023-05-11 06:58:46.501209', '2023-05-11 06:58:46.501209', 36494, '흰둥이.jpg', 'images/20230511/1815347272051342.jpg'),
	(38, '2023-05-12 16:27:55.312330', '2023-05-12 16:27:55.312330', NULL, NULL, 'https://lh3.googleusercontent.com/a/AGNmyxb6jsXERTM2zW8cwBSggk1C5Q5KwrtN03oNOhQsgw=s96-c'),
	(39, '2023-05-12 07:56:42.000000', '2023-05-12 07:56:42.000000', NULL, NULL, 'test'),
	(40, '2023-05-12 17:07:37.781278', '2023-05-12 17:07:37.781278', NULL, NULL, 'images/20230512170737781278.png'),
	(41, '2023-05-12 17:07:38.733411', '2023-05-12 17:07:38.733411', NULL, NULL, 'images/20230512170738733411.png'),
	(42, '2023-05-12 17:07:38.881412', '2023-05-12 17:07:38.881412', NULL, NULL, 'images/20230512170738881412.png'),
	(43, '2023-05-12 17:15:57.851630', '2023-05-12 17:15:57.851630', NULL, NULL, 'https://lh3.googleusercontent.com/a/AGNmyxb6jsXERTM2zW8cwBSggk1C5Q5KwrtN03oNOhQsgw=s96-c'),
	(44, '2023-05-12 20:21:05.439143', '2023-05-12 20:21:05.439143', NULL, NULL, 'https://lh3.googleusercontent.com/a/AGNmyxb6jsXERTM2zW8cwBSggk1C5Q5KwrtN03oNOhQsgw=s96-c'),
	(45, '2023-05-12 20:23:03.319492', '2023-05-12 20:23:03.319492', NULL, NULL, 'https://lh3.googleusercontent.com/a/AGNmyxb6jsXERTM2zW8cwBSggk1C5Q5KwrtN03oNOhQsgw=s96-c'),
	(46, '2023-05-12 11:34:48.181464', '2023-05-12 11:34:48.181464', NULL, NULL, 'https://lh3.googleusercontent.com/a/AGNmyxb6jsXERTM2zW8cwBSggk1C5Q5KwrtN03oNOhQsgw=s96-c'),
	(47, '2023-05-12 20:55:15.987356', '2023-05-12 20:55:16.163072', NULL, NULL, 'null'),
	(48, '2023-05-12 20:56:10.865402', '2023-05-12 20:56:10.984939', NULL, NULL, 'null'),
	(49, '2023-05-12 20:58:24.367271', '2023-05-12 20:58:24.534595', NULL, NULL, 'null'),
	(50, '2023-05-12 20:59:43.042025', '2023-05-12 20:59:43.210838', NULL, NULL, 'null'),
	(51, '2023-05-12 20:59:43.486241', '2023-05-12 20:59:43.570586', NULL, NULL, 'null'),
	(52, '2023-05-12 21:02:19.775167', '2023-05-12 21:02:19.944085', NULL, NULL, '{nickname=박재현, profile_image=http://k.kakaocdn.net/dn/lb53e/btsfclo1Twy/qH45ckb5kQi3lA1G4iAkh1/img_640x640.jpg, thumbnail_image=http://k.kakaocdn.net/dn/lb53e/btsfclo1Twy/qH45ckb5kQi3lA1G4iAkh1/img_110x110.jpg}'),
	(54, '2023-05-12 21:17:25.912144', '2023-05-12 21:17:25.912144', NULL, NULL, 'http://k.kakaocdn.net/dn/lb53e/btsfclo1Twy/qH45ckb5kQi3lA1G4iAkh1/img_110x110.jpg'),
	(55, '2023-05-12 21:19:26.057917', '2023-05-12 21:19:26.057917', NULL, NULL, 'http://k.kakaocdn.net/dn/lb53e/btsfclo1Twy/qH45ckb5kQi3lA1G4iAkh1/img_110x110.jpg'),
	(56, '2023-05-12 21:20:24.069285', '2023-05-12 21:20:24.223669', NULL, NULL, 'http://k.kakaocdn.net/dn/lb53e/btsfclo1Twy/qH45ckb5kQi3lA1G4iAkh1/img_640x640.jpg'),
	(57, '2023-05-12 21:30:29.496728', '2023-05-17 01:58:40.801952', NULL, NULL, 'http://k.kakaocdn.net/dn/cfJzbZ/btsgjlGZZlf/Ukz0NlRhPJpksBPEbVZZfK/img_640x640.jpg'),
	(58, '2023-05-12 21:44:53.185569', '2023-05-12 21:44:53.185569', NULL, NULL, 'http://k.kakaocdn.net/dn/lb53e/btsfclo1Twy/qH45ckb5kQi3lA1G4iAkh1/img_640x640.jpg'),
	(59, '2023-05-12 21:45:52.423271', '2023-05-12 21:45:52.423271', NULL, NULL, 'http://k.kakaocdn.net/dn/lb53e/btsfclo1Twy/qH45ckb5kQi3lA1G4iAkh1/img_640x640.jpg'),
	(60, '2023-05-12 21:46:15.139000', '2023-05-12 21:46:15.139000', NULL, NULL, 'http://k.kakaocdn.net/dn/lb53e/btsfclo1Twy/qH45ckb5kQi3lA1G4iAkh1/img_640x640.jpg'),
	(61, '2023-05-12 12:46:19.734505', '2023-05-12 12:46:19.734505', NULL, NULL, 'https://lh3.googleusercontent.com/a/AGNmyxb6jsXERTM2zW8cwBSggk1C5Q5KwrtN03oNOhQsgw=s96-c'),
	(62, '2023-05-12 21:46:22.956299', '2023-05-12 21:46:22.956299', NULL, NULL, 'http://k.kakaocdn.net/dn/lb53e/btsfclo1Twy/qH45ckb5kQi3lA1G4iAkh1/img_640x640.jpg'),
	(63, '2023-05-12 12:48:46.807071', '2023-05-12 12:48:46.807071', NULL, NULL, 'https://lh3.googleusercontent.com/a/AGNmyxb6jsXERTM2zW8cwBSggk1C5Q5KwrtN03oNOhQsgw=s96-c'),
	(64, '2023-05-12 12:49:16.832021', '2023-05-12 12:49:16.832021', NULL, NULL, 'https://lh3.googleusercontent.com/a/AGNmyxb6jsXERTM2zW8cwBSggk1C5Q5KwrtN03oNOhQsgw=s96-c'),
	(65, '2023-05-12 12:49:20.194639', '2023-05-12 12:49:20.194639', NULL, NULL, 'https://lh3.googleusercontent.com/a/AGNmyxb6jsXERTM2zW8cwBSggk1C5Q5KwrtN03oNOhQsgw=s96-c'),
	(66, '2023-05-12 12:51:37.459550', '2023-05-12 12:51:37.459550', NULL, NULL, 'https://lh3.googleusercontent.com/a/AGNmyxb6jsXERTM2zW8cwBSggk1C5Q5KwrtN03oNOhQsgw=s96-c'),
	(67, '2023-05-12 12:53:54.987152', '2023-05-12 12:53:54.987152', NULL, NULL, 'https://lh3.googleusercontent.com/a/AGNmyxb6jsXERTM2zW8cwBSggk1C5Q5KwrtN03oNOhQsgw=s96-c'),
	(68, '2023-05-15 02:26:00.689121', '2023-05-15 02:26:00.689121', NULL, NULL, 'https://lh3.googleusercontent.com/a/AGNmyxYyoQKNhHMCWJahQXgPNAZ-Vdmvjqux9xJ17dK-=s96-c'),
	(70, '2023-05-15 03:53:14.142727', '2023-05-15 03:53:14.142727', NULL, NULL, 'images/20230515035314142688.jpg'),
	(71, '2023-05-15 03:53:42.034153', '2023-05-15 03:53:42.034153', NULL, NULL, 'images/20230515035342034103.png'),
	(72, '2023-05-15 03:53:42.498078', '2023-05-15 03:53:42.498078', NULL, NULL, 'images/20230515035342497916.png'),
	(73, '2023-05-15 03:53:42.607843', '2023-05-15 03:53:42.607843', NULL, NULL, 'images/20230515035342607724.png'),
	(74, '2023-05-15 03:53:42.708043', '2023-05-15 03:53:42.708043', NULL, NULL, 'images/20230515035342707902.png'),
	(75, '2023-05-15 03:58:13.389574', '2023-05-15 03:58:13.389574', NULL, NULL, 'images/20230515035813389523.png'),
	(76, '2023-05-15 03:58:13.851248', '2023-05-15 03:58:13.851248', NULL, NULL, 'images/20230515035813851106.png'),
	(77, '2023-05-15 03:58:13.962795', '2023-05-15 03:58:13.962795', NULL, NULL, 'images/20230515035813962621.png'),
	(78, '2023-05-15 03:58:14.060729', '2023-05-15 03:58:14.060729', NULL, NULL, 'images/20230515035814060575.png'),
	(79, '2023-05-15 03:58:14.172154', '2023-05-15 03:58:14.172154', NULL, NULL, 'images/20230515035814171960.jpg'),
	(80, '2023-05-15 04:10:33.132605', '2023-05-15 04:10:33.132605', NULL, NULL, 'https://lh3.googleusercontent.com/a/AGNmyxZxRKK4Xf3OeuaNZrii7Pr89ac1NJcItrmRSeiY=s96-c'),
	(81, '2023-05-15 04:25:39.804740', '2023-05-15 04:25:39.804740', NULL, NULL, 'https://lh3.googleusercontent.com/a/AGNmyxYxa7dZOh8roPSyc90QTOoIO-0_kKWO3PLiaM9j=s96-c'),
	(82, '2023-05-15 05:28:41.119484', '2023-05-15 05:36:41.186240', 21847, '222.png', 'https://lh3.googleusercontent.com/a/AGNmyxZxRKK4Xf3OeuaNZrii7Pr89ac1NJcItrmRSeiY=s96-c'),
	(83, '2023-05-15 07:43:07.614094', '2023-05-15 07:43:07.614094', NULL, NULL, 'http://k.kakaocdn.net/dn/dpk9l1/btqmGhA2lKL/Oz0wDuJn1YV2DIn92f6DVK/img_640x640.jpg'),
	(84, '2023-05-15 08:40:16.763491', '2023-05-15 08:40:16.763491', NULL, NULL, 'https://lh3.googleusercontent.com/a/AGNmyxakv8i62yV-SP5F1btE8pl5npCRRTJESvEjx4SGCw=s96-c'),
	(85, '2023-05-15 13:22:31.385203', '2023-05-15 13:22:31.385203', NULL, NULL, 'images/20230515132231385154.jpg'),
	(86, '2023-05-15 13:24:07.147566', '2023-05-15 13:24:07.147566', NULL, NULL, 'images/20230515132407147516.jpg'),
	(87, '2023-05-15 13:24:07.285699', '2023-05-15 13:24:07.285699', NULL, NULL, 'images/20230515132407285529.jpg'),
	(88, '2023-05-15 13:24:07.415715', '2023-05-15 13:24:07.415715', NULL, NULL, 'images/20230515132407415553.jpg'),
	(89, '2023-05-15 13:24:07.545023', '2023-05-15 13:24:07.545023', NULL, NULL, 'images/20230515132407544872.jpg'),
	(90, '2023-05-15 13:24:07.677272', '2023-05-15 13:24:07.677272', NULL, NULL, 'images/20230515132407677136.jpg'),
	(91, '2023-05-15 13:24:07.804510', '2023-05-15 13:24:07.804510', NULL, NULL, 'images/20230515132407804373.jpg'),
	(92, '2023-05-15 13:24:07.931436', '2023-05-15 13:24:07.931436', NULL, NULL, 'images/20230515132407931279.jpg'),
	(93, '2023-05-15 13:25:04.443586', '2023-05-15 13:25:04.443586', NULL, NULL, 'images/20230515132504443533.jpg'),
	(94, '2023-05-15 13:25:04.573254', '2023-05-15 13:25:04.573254', NULL, NULL, 'images/20230515132504573163.jpg'),
	(95, '2023-05-15 13:25:04.704366', '2023-05-15 13:25:04.704366', NULL, NULL, 'images/20230515132504704254.jpg'),
	(96, '2023-05-15 13:25:04.832690', '2023-05-15 13:25:04.832690', NULL, NULL, 'images/20230515132504832614.jpg'),
	(97, '2023-05-15 13:25:04.962476', '2023-05-15 13:25:04.962476', NULL, NULL, 'images/20230515132504962411.jpg'),
	(98, '2023-05-15 13:25:05.104259', '2023-05-15 13:25:05.104259', NULL, NULL, 'images/20230515132505104002.jpg'),
	(99, '2023-05-15 13:25:05.235172', '2023-05-15 13:25:05.235172', NULL, NULL, 'images/20230515132505235029.jpg'),
	(100, '2023-05-15 13:45:02.797660', '2023-05-15 13:45:02.797660', NULL, NULL, 'images/20230515134502797610.jpg'),
	(101, '2023-05-15 13:45:02.927122', '2023-05-15 13:45:02.927122', NULL, NULL, 'images/20230515134502927008.jpg'),
	(102, '2023-05-15 13:45:03.058655', '2023-05-15 13:45:03.058655', NULL, NULL, 'images/20230515134503058536.jpg'),
	(103, '2023-05-15 13:45:03.189340', '2023-05-15 13:45:03.189340', NULL, NULL, 'images/20230515134503189205.jpg'),
	(104, '2023-05-15 13:45:03.317150', '2023-05-15 13:45:03.317150', NULL, NULL, 'images/20230515134503317056.jpg'),
	(105, '2023-05-15 13:45:03.444729', '2023-05-15 13:45:03.444729', NULL, NULL, 'images/20230515134503444610.jpg'),
	(106, '2023-05-15 13:45:03.572520', '2023-05-15 13:45:03.572520', NULL, NULL, 'images/20230515134503572378.jpg'),
	(107, '2023-05-15 13:45:03.709755', '2023-05-15 13:45:03.709755', NULL, NULL, 'images/20230515134503709639.jpg'),
	(108, '2023-05-15 13:45:03.838109', '2023-05-15 13:45:03.838109', NULL, NULL, 'images/20230515134503837932.jpg'),
	(109, '2023-05-15 13:45:03.967060', '2023-05-15 13:45:03.967060', NULL, NULL, 'images/20230515134503966919.jpg'),
	(110, '2023-05-15 13:45:04.100132', '2023-05-15 13:45:04.100132', NULL, NULL, 'images/20230515134504099933.jpg'),
	(111, '2023-05-15 13:45:04.225779', '2023-05-15 13:45:04.225779', NULL, NULL, 'images/20230515134504225650.jpg'),
	(112, '2023-05-15 13:45:04.355529', '2023-05-15 13:45:04.355529', NULL, NULL, 'images/20230515134504355366.jpg'),
	(113, '2023-05-15 13:45:04.481941', '2023-05-15 13:45:04.481941', NULL, NULL, 'images/20230515134504481787.jpg'),
	(114, '2023-05-15 13:45:04.611714', '2023-05-15 13:45:04.611714', NULL, NULL, 'images/20230515134504611602.jpg'),
	(115, '2023-05-15 13:45:04.736994', '2023-05-15 13:45:04.736994', NULL, NULL, 'images/20230515134504736853.jpg'),
	(116, '2023-05-15 13:45:04.861629', '2023-05-15 13:45:04.861629', NULL, NULL, 'images/20230515134504861512.jpg'),
	(117, '2023-05-15 13:45:04.998057', '2023-05-15 13:45:04.998057', NULL, NULL, 'images/20230515134504997902.jpg'),
	(118, '2023-05-15 13:45:05.126930', '2023-05-15 13:45:05.126930', NULL, NULL, 'images/20230515134505126774.jpg'),
	(119, '2023-05-15 13:45:05.252676', '2023-05-15 13:45:05.252676', NULL, NULL, 'images/20230515134505252537.jpg'),
	(120, '2023-05-15 13:55:07.070435', '2023-05-15 13:55:07.070435', NULL, NULL, 'images/20230515135507070394.png'),
	(121, '2023-05-15 13:59:07.288358', '2023-05-15 13:59:07.288358', NULL, NULL, 'images/20230515135907288319.jpg'),
	(122, '2023-05-15 13:59:59.998323', '2023-05-15 13:59:59.998323', NULL, NULL, 'images/20230515135959998281.png'),
	(123, '2023-05-16 01:54:22.247657', '2023-05-16 01:54:22.247657', NULL, NULL, 'images/20230516015422247617.jpg'),
	(124, '2023-05-16 02:11:38.004819', '2023-05-16 02:11:38.004819', NULL, NULL, 'images/20230516021138004768.png'),
	(125, '2023-05-16 04:52:03.814864', '2023-05-16 04:52:03.814864', NULL, NULL, 'images/20230516045203814816.jpg'),
	(126, '2023-05-16 04:52:03.953571', '2023-05-16 04:52:03.953571', NULL, NULL, 'images/20230516045203953459.jpg'),
	(127, '2023-05-16 04:52:04.080940', '2023-05-16 04:52:04.080940', NULL, NULL, 'images/20230516045204080812.jpg'),
	(128, '2023-05-16 04:52:04.208555', '2023-05-16 04:52:04.208555', NULL, NULL, 'images/20230516045204208436.jpg'),
	(129, '2023-05-16 04:52:04.332441', '2023-05-16 04:52:04.332441', NULL, NULL, 'images/20230516045204332319.jpg'),
	(130, '2023-05-16 04:52:04.455828', '2023-05-16 04:52:04.455828', NULL, NULL, 'images/20230516045204455722.jpg'),
	(131, '2023-05-16 04:52:04.582993', '2023-05-16 04:52:04.582993', NULL, NULL, 'images/20230516045204582921.jpg'),
	(132, '2023-05-16 04:52:04.712014', '2023-05-16 04:52:04.712014', NULL, NULL, 'images/20230516045204711892.jpg'),
	(133, '2023-05-16 04:52:04.839172', '2023-05-16 04:52:04.839172', NULL, NULL, 'images/20230516045204839106.jpg'),
	(134, '2023-05-16 04:52:04.968983', '2023-05-16 04:52:04.968983', NULL, NULL, 'images/20230516045204968910.jpg'),
	(135, '2023-05-16 04:52:05.104781', '2023-05-16 04:52:05.104781', NULL, NULL, 'images/20230516045205104579.jpg'),
	(136, '2023-05-16 04:52:05.232790', '2023-05-16 04:52:05.232790', NULL, NULL, 'images/20230516045205232646.jpg'),
	(137, '2023-05-16 04:52:05.357150', '2023-05-16 04:52:05.357150', NULL, NULL, 'images/20230516045205356984.jpg'),
	(138, '2023-05-16 04:52:05.485055', '2023-05-16 04:52:05.485055', NULL, NULL, 'images/20230516045205484950.jpg'),
	(139, '2023-05-16 04:52:05.613805', '2023-05-16 04:52:05.613805', NULL, NULL, 'images/20230516045205613694.jpg'),
	(140, '2023-05-16 04:52:05.738020', '2023-05-16 04:52:05.738020', NULL, NULL, 'images/20230516045205737957.jpg'),
	(141, '2023-05-16 04:52:05.861379', '2023-05-16 04:52:05.861379', NULL, NULL, 'images/20230516045205861282.jpg'),
	(142, '2023-05-16 04:52:05.982875', '2023-05-16 04:52:05.982875', NULL, NULL, 'images/20230516045205982743.jpg'),
	(143, '2023-05-16 04:52:06.105972', '2023-05-16 04:52:06.105972', NULL, NULL, 'images/20230516045206105875.jpg'),
	(144, '2023-05-16 04:52:06.231076', '2023-05-16 04:52:06.231076', NULL, NULL, 'images/20230516045206230965.jpg'),
	(145, '2023-05-16 05:21:31.308634', '2023-05-16 05:21:31.308634', NULL, NULL, 'images/20230516052131308594.png'),
	(146, '2023-05-16 05:21:31.398262', '2023-05-16 05:21:31.398262', NULL, NULL, 'images/20230516052131398089.png'),
	(147, '2023-05-16 05:21:31.490853', '2023-05-16 05:21:31.490853', NULL, NULL, 'images/20230516052131490707.png'),
	(148, '2023-05-16 05:22:34.158524', '2023-05-16 05:22:34.158524', NULL, NULL, 'images/20230516052234158478.png'),
	(149, '2023-05-16 05:22:34.267445', '2023-05-16 05:22:34.267445', NULL, NULL, 'images/20230516052234267330.png'),
	(150, '2023-05-16 05:24:18.333497', '2023-05-16 05:24:18.333497', NULL, NULL, 'images/20230516052418333458.jpg'),
	(151, '2023-05-17 01:05:31.004027', '2023-05-17 01:05:31.004027', NULL, NULL, 'images/20230517010531003988.jpg'),
	(152, '2023-05-17 01:07:54.573777', '2023-05-17 01:07:54.573777', NULL, NULL, 'images/20230517010754573737.png'),
	(155, '2023-05-17 02:17:37.473404', '2023-05-17 02:17:37.473404', NULL, NULL, 'images/20230517021737473365.jpg'),
	(156, '2023-05-17 11:21:35.865111', '2023-05-17 11:21:35.865111', NULL, NULL, 'images/20230517112135865111.jfif'),
	(157, '2023-05-17 11:22:15.027103', '2023-05-17 11:22:15.027103', NULL, NULL, 'images/20230517112215027103.jpg'),
	(159, '2023-05-17 02:23:58.625006', '2023-05-17 02:23:58.625006', NULL, NULL, 'images/20230517022358624956.jpg'),
	(160, '2023-05-17 11:25:31.600300', '2023-05-17 11:25:31.600300', NULL, NULL, 'images/20230517112531600300.png'),
	(161, '2023-05-17 11:26:23.702720', '2023-05-17 11:26:23.702720', NULL, NULL, 'images/20230517112623702720.jpg'),
	(162, '2023-05-17 11:27:47.101022', '2023-05-17 11:27:47.101022', NULL, NULL, 'images/20230517112747101022.jpg'),
	(163, '2023-05-17 11:28:01.796034', '2023-05-17 11:28:01.796034', NULL, NULL, 'images/20230517112801796034.jpg'),
	(164, '2023-05-17 11:28:41.928549', '2023-05-17 11:28:41.928549', NULL, NULL, 'images/20230517112841928549.jpg');
/*!40000 ALTER TABLE `image` ENABLE KEYS */;

-- 테이블 d202.user 구조 내보내기
CREATE TABLE IF NOT EXISTS `user` (
  `user_id` varchar(30) NOT NULL,
  `created_at` datetime(6) DEFAULT NULL,
  `updated_at` datetime(6) DEFAULT NULL,
  `user_name` varchar(20) DEFAULT NULL,
  `user_phone_number` varchar(20) DEFAULT NULL,
  `user_position` varchar(20) DEFAULT NULL,
  `user_pw` varchar(70) DEFAULT NULL,
  `image` bigint(20) DEFAULT NULL,
  PRIMARY KEY (`user_id`),
  KEY `FKhkg29te9j4th5r7fqb67qoin4` (`image`),
  CONSTRAINT `FKhkg29te9j4th5r7fqb67qoin4` FOREIGN KEY (`image`) REFERENCES `image` (`image_id`)
) ENGINE=InnoDB DEFAULT CHARSET=utf8mb4 COLLATE=utf8mb4_general_ci;

-- 테이블 데이터 d202.user:~16 rows (대략적) 내보내기
/*!40000 ALTER TABLE `user` DISABLE KEYS */;
INSERT INTO `user` (`user_id`, `created_at`, `updated_at`, `user_name`, `user_phone_number`, `user_position`, `user_pw`, `image`) VALUES
	('0828339', '2023-05-09 04:41:59.690302', '2023-05-10 07:01:26.857423', '이병수', '010-1234-5678', '전무이사', '$2a$10$hjkGCheBIlKHl3Q5S3lftOQOzuknKQFKBEPiY7oPVN2zvmHjnZEcG', 36),
	('byoung1997s4@gmail.com', '2023-05-15 08:40:16.813782', '2023-05-15 08:40:16.813782', 'Byeongsoo Lee', NULL, 'google', NULL, 84),
	('correct127676@gmail.com', '2023-05-12 16:27:55.451323', '2023-05-12 12:53:54.996766', '박재현[구미_2반_D202]팀원', NULL, 'google', NULL, 67),
	('cyctjdghks', '2023-05-09 04:44:59.772860', '2023-05-09 04:44:59.772860', '박성환', '010-4585-4896', '부장', '$2a$10$QsBPqTzg6uf9LW3RaOJ3lOYWABAfS8zSpoQR.lSUX2hH1jxrx9i52', 4),
	('director20844', '2023-05-09 04:48:17.172490', '2023-05-09 04:49:24.678665', '이효진', '010-9876-5432', '차장', '$2a$10$xGO8YHTtOnay812PugQv9eF/MhDVWVpy78u1K2OalWKRNKutadv2C', 6),
	('jhp1276', '2023-05-09 04:42:54.147773', '2023-05-10 07:08:45.161218', '박재현', '010-22-22', '부장', '$2a$10$kv1E1CGkqHPOlAJcN2.u7.Aq7NveqHCvAXqvbKrXNO1IaJfL./ewm', 2),
	('jhp1276@gmail.com', '2023-05-15 02:26:00.780194', '2023-05-15 02:26:00.780194', '박재현', NULL, 'google', NULL, 68),
	('limecat', '2023-05-09 04:51:59.524624', '2023-05-09 04:51:59.524624', '김민재', '010-1234-5678', '외부고문', '$2a$10$8GLAJC5IK8gAJpogwC/pNOurYb8cSiZf64xG2YJfFB.yUS0daabrO', 7),
	('MissKim', '2023-05-09 07:06:14.185743', '2023-05-10 08:42:41.000658', '김부경', '010-1234-5670', '외부 상임이사', '$2a$10$z3s/9yQN7IiDJMP6noH8luRyl2aZZTC.RjvqZbmgkmZTk0BBc66Vu', NULL),
	('pjh5699@nate.com', '2023-05-12 21:20:24.216452', '2023-05-14 09:30:25.752282', '박재현', '010-9269-7217', 'kakao', NULL, 57),
	('rkdahgus12', '2023-05-09 04:46:15.539703', '2023-05-09 04:50:16.733101', '강모현', '010-4587-4595', '대표이사', '$2a$10$aytyQnc0lFLAZb/zb1HuEefr7RoWO7pdTyLsgSSxlXMcKops7DN32', 5),
	('seojeong4560', '2023-05-09 04:44:06.791475', '2023-05-17 04:58:52.574995', '양서정', '010-9619-4560', '과장', '$2a$10$P.NuzBhEQfTtBrytJravpuCYW/L0fuID1It4zvfm6BrQY1c6c2GWW', 8),
	('seojeong45600@gmail.com', '2023-05-15 04:25:39.813303', '2023-05-15 04:25:39.813303', '양서정', NULL, 'google', NULL, 81),
	('skyeyed202@gmail.com', '2023-05-15 04:10:33.177506', '2023-05-15 05:28:41.127081', 'skyeye', '010-1234-5678', 'google', NULL, 82),
	('tmfdhddl2006@naver.com', '2023-05-15 07:43:07.663598', '2023-05-15 07:43:07.663598', '이병수', NULL, 'kakao', NULL, 83),
	('whitedog', '2023-05-11 06:58:46.608016', '2023-05-11 06:58:46.608016', '흰둥이', '010-1234-5678', '경비견', '$2a$10$y1dxVGTGGZtxjjmIdTCFWOXG91f3k6FS6ZhU9PtAYOMRmw3HMB1PO', 37);
/*!40000 ALTER TABLE `user` ENABLE KEYS */;

/*!40101 SET SQL_MODE=IFNULL(@OLD_SQL_MODE, '') */;
/*!40014 SET FOREIGN_KEY_CHECKS=IF(@OLD_FOREIGN_KEY_CHECKS IS NULL, 1, @OLD_FOREIGN_KEY_CHECKS) */;
/*!40101 SET CHARACTER_SET_CLIENT=@OLD_CHARACTER_SET_CLIENT */;
